{
"js": {
  "x": [ -8.24376, -7.95585, -6.54031, -5.67658, -4.11708, -1.47793, 3.03263,
      3.96833, 5.02399, 9.39060 ],
  "y": [ -0.50943, -0.46226, -0.48113, -1.01887, -1.50000, 0.00943, -0.99057,
      -0.37736, 0.68868, 0.60377 ],
  "t": [-10.0,10.0,1001]
},
"rw": {
  "x": [ -7.29258, -6.37555, -6.35371, -5.89520, -4.75983, -4.10480, -3.73362,
      -2.79476, -2.18341, -0.91703, 0.48035, 0.76419, 1.00437, 2.37991,
      2.44541, 4.23581, 4.32314, 4.89083, 5.82969, 6.13537 ],
  "y": [ -1.75610, -0.03659, 0.01220, 0.24390, -0.81707, -1.21951, -1.17073,
      0.39024, 1.41463, 1.69512, -0.14634, -0.74390, -1.02439, -2.69512,
      -2.21951, -1.28049, -1.10976, -1.57317, -1.07317, -0.84146 ],
  "t": [-7.5,7.5,1001]
}
}
